id,label
689732,327245648
689733,327265648
689734,327185650
689735,327205650
689736,327225650
689737,327245650
689738,327265650
689739,327085652
689740,327105652
689741,327165652
689742,327185652
689743,327205652
689744,327225652
689745,327245652
689746,327265652
689747,327085654
689748,327105654
689749,327125654
689750,327145654
689751,327165654
689752,327185654
689753,327205654
689754,327225654
689755,327245654
689756,327265654
689757,327285654
689758,327305654
689759,327045656
689760,327065656
689761,327085656
689762,327105656
689763,327125656
689764,327145656
689765,327165656
689766,327185656
689767,327205656
689768,327225656
689769,327245656
689770,327265656
689771,327285656
689772,327305656
689773,326945658
689774,326965658
689775,326985658
689776,327045658
689777,327065658
689778,327085658
689779,327105658
689780,327125658
689781,327145658
689782,327165658
689783,327185658
689784,327205658
689785,327225658
689786,327245658
689787,327265658
689788,327285658
689789,326905660
689790,326925660
689791,326945660
689792,326965660
689793,326985660
689794,327005660
689795,327025660
689796,327045660
689797,327065660
689798,327085660
689799,327105660
689800,327125660
689801,327145660
689802,327165660
689803,327185660
689804,327205660
689805,327225660
689806,327245660
689807,327265660
689808,326825662
689809,326885662
689810,326905662
689811,326925662
689812,326945662
689813,326965662
689814,326985662
689815,327005662
689816,327025662
689817,327045662
689818,327065662
689819,327085662
689820,327105662
689821,327125662
689822,327145662
689823,327165662
689824,327185662
689825,327205662
689826,327225662
689827,327245662
689828,327265662
689829,327285662
689830,326725664
689831,326745664
689832,326765664
689833,326785664
689834,326825664
689835,326845664
689836,326865664
689837,326885664
689838,326905664
689839,326925664
689840,326945664
689841,326965664
689842,326985664
689843,327005664
689844,327025664
689845,327065664
689846,327085664
689847,327105664
689848,327125664
689849,327145664
689850,327165664
689851,327185664
689852,327205664
689853,327225664
689854,327245664
689855,327265664
689856,327285664
689857,326725666
689858,326745666
689859,326765666
689860,326785666
689861,326805666
689862,326825666
689863,326845666
689864,326865666
689865,326885666
689866,326905666
689867,326925666
689868,326945666
689869,326965666
689870,326985666
689871,327005666
689872,327025666
689873,327045666
689874,327065666
689875,327085666
689876,327105666
689877,327125666
689878,327145666
689879,327165666
689880,327225666
689881,327245666
689882,327265666
689883,326725668
689884,326745668
689885,326765668
689886,326785668
689887,326805668
689888,326825668
689889,326845668
689890,326865668
689891,326885668
689892,326905668
689893,326925668
689894,326945668
689895,326965668
689896,326985668
689897,327005668
689898,327025668
689899,327045668
689900,327085668
689901,327105668
689902,327125668
689903,327145668
689904,327165668
689905,327185668
689906,327205668
689907,327225668
689908,327245668
689909,327265668
689910,326725670
689911,326765670
689912,326785670
689913,326805670
689914,326825670
689915,326845670
689916,326865670
689917,326885670
689918,326905670
689919,326925670
689920,326945670
689921,326965670
689922,326985670
689923,327005670
689924,327025670
689925,327045670
689926,327085670
689927,327105670
689928,327125670
689929,327145670
689930,327165670
689931,327185670
689932,326745672
689933,326765672
689934,326785672
689935,326805672
689936,326825672
689937,326845672
689938,326885672
689939,326925672
689940,326945672
689941,326965672
689942,326985672
689943,327025672
689944,327045672
689945,327065672
689946,327085672
689947,327105672
689948,327125672
689949,327145672
689950,327165672
689951,327185672
689952,326705674
689953,326725674
689954,326745674
689955,326765674
689956,326785674
689957,326805674
689958,326825674
689959,326865674
689960,326885674
689961,326905674
689962,326925674
689963,326945674
689964,326965674
689965,326985674
689966,327005674
689967,327025674
689968,327045674
689969,327065674
689970,327085674
689971,327105674
689972,327125674
689973,327145674
689974,327165674
689975,327185674
689976,326645676
689977,326665676
689978,326685676
689979,326725676
689980,326745676
689981,326765676
689982,326785676
689983,326805676
689984,326825676
689985,326845676
689986,326865676
689987,326885676
689988,326905676
689989,326925676
689990,326945676
689991,326965676
689992,326985676
689993,327005676
689994,327025676
689995,327045676
689996,327065676
689997,327085676
689998,327105676
689999,327125676
690000,327145676
690001,327165676
690002,327185676
690003,326685678
690004,326705678
690005,326725678
690006,326745678
690007,326765678
690008,326785678
690009,326805678
690010,326825678
690011,326845678
690012,326865678
690013,326885678
690014,326905678
690015,326925678
690016,326945678
690017,326965678
690018,327005678
690019,327025678
690020,327045678
690021,327065678
690022,327085678
690023,327105678
690024,327125678
690025,327145678
690026,327165678
690027,327185678
690028,327205678
690029,327225678
690030,326685680
690031,326705680
690032,326725680
690033,326765680
690034,326785680
690035,326805680
690036,326825680
690037,326845680
690038,326865680
690039,326885680
690040,326905680
690041,326925680
690042,326945680
690043,326965680
690044,326985680
690045,327005680
690046,327025680
690047,327045680
690048,327065680
690049,327085680
690050,327105680
690051,327145680
690052,327165680
690053,327185680
690054,327205680
690055,326705682
690056,326725682
690057,326745682
690058,326765682
690059,326785682
690060,326825682
690061,326845682
690062,326865682
690063,326885682
690064,326905682
690065,326925682
690066,326945682
690067,326965682
690068,326985682
690069,327005682
690070,327025682
690071,327045682
690072,327065682
690073,327085682
690074,327105682
690075,327125682
690076,327145682
690077,327165682
690078,327185682
690079,327205682
690080,326725684
690081,326785684
690082,326805684
690083,326825684
690084,326845684
690085,326865684
690086,326885684
690087,326925684
690088,326945684
690089,326965684
690090,326985684
690091,327005684
690092,327025684
690093,327045684
690094,327065684
690095,327085684
690096,327105684
690097,327125684
690098,327145684
690099,327165684
690100,327185684
690101,327205684
690102,326705686
690103,326725686
690104,326765686
690105,326785686
690106,326805686
690107,326825686
690108,326845686
690109,326865686
690110,326885686
690111,326925686
690112,326945686
690113,326965686
690114,326985686
690115,327005686
690116,327025686
690117,327045686
690118,327065686
690119,327085686
690120,327105686
690121,327125686
690122,327145686
690123,327165686
690124,327185686
690125,327205686
690126,326705688
690127,326725688
690128,326745688
690129,326765688
690130,326785688
690131,326805688
690132,326825688
690133,326865688
690134,326885688
690135,326925688
690136,326945688
690137,326965688
690138,327025688
690139,327045688
690140,327065688
690141,327085688
690142,327105688
690143,327125688
690144,327145688
690145,327165688
690146,327185688
690147,326665690
690148,326685690
690149,326705690
690150,326725690
690151,326745690
690152,326765690
690153,326785690
690154,326825690
690155,326845690
690156,326885690
690157,326905690
690158,326925690
690159,326945690
690160,326965690
690161,326985690
690162,327005690
690163,327025690
690164,327045690
690165,327065690
690166,327085690
690167,327105690
690168,327125690
690169,327145690
690170,327165690
690171,327185690
690172,327205690
690173,326685692
690174,326765692
690175,326805692
690176,326825692
690177,326845692
690178,326865692
690179,326905692
690180,326925692
690181,326945692
690182,326965692
690183,326985692
690184,327005692
690185,327025692
690186,327065692
690187,327085692
690188,327105692
690189,327125692
690190,327145692
690191,327165692
690192,327185692
690193,327205692
690194,327225692
690195,326665694
690196,326685694
690197,326705694
690198,326745694
690199,326765694
690200,326785694
690201,326805694
690202,326825694
690203,326845694
690204,326865694
690205,326905694
690206,326925694
690207,326965694
690208,326985694
690209,327005694
690210,327025694
690211,327045694
690212,327065694
690213,327085694
690214,327105694
690215,327125694
690216,327145694
690217,327165694
690218,327185694
690219,327205694
690220,327225694
690221,326485696
690222,326525696
690223,326545696
690224,326565696
690225,326585696
690226,326605696
690227,326625696
690228,326645696
690229,326665696
690230,326705696
690231,326745696
690232,326765696
690233,326785696
690234,326805696
690235,326825696
690236,326845696
690237,326865696
690238,326885696
690239,326925696
690240,326945696
690241,326965696
690242,326985696
690243,327005696
690244,327025696
690245,327045696
690246,327065696
690247,327085696
690248,327105696
690249,327125696
690250,327145696
690251,327185696
690252,327205696
690253,326385698
690254,326405698
690255,326425698
690256,326445698
690257,326465698
690258,326485698
690259,326525698
690260,326545698
690261,326565698
690262,326585698
690263,326625698
690264,326645698
690265,326665698
690266,326685698
690267,326705698
690268,326745698
690269,326765698
690270,326785698
690271,326805698
690272,326825698
690273,326845698
690274,326885698
690275,326905698
690276,326925698
690277,326985698
690278,327005698
690279,327025698
690280,327045698
690281,327065698
690282,327085698
690283,327105698
690284,327125698
690285,327145698
690286,327165698
690287,327185698
690288,327205698
690289,326385700
690290,326405700
690291,326425700
690292,326445700
690293,326465700
690294,326505700
690295,326525700
690296,326545700
690297,326565700
690298,326585700
690299,326605700
690300,326625700
690301,326645700
690302,326685700
690303,326705700
690304,326725700
690305,326765700
690306,326785700
690307,326805700
690308,326825700
690309,326845700
690310,326865700
690311,326885700
690312,326905700
690313,326925700
690314,326945700
690315,326965700
690316,327005700
690317,327025700
690318,327045700
690319,327065700
690320,327085700
690321,327105700
690322,327125700
690323,327165700
690324,327185700
690325,327205700
690326,326365702
690327,326385702
690328,326405702
690329,326425702
690330,326445702
690331,326465702
690332,326485702
690333,326505702
690334,326525702
690335,326545702
690336,326565702
690337,326585702
690338,326605702
690339,326625702
690340,326645702
690341,326705702
690342,326725702
690343,326745702
690344,326765702
690345,326785702
690346,326805702
690347,326825702
690348,326845702
690349,326865702
690350,326925702
690351,326945702
690352,326965702
690353,326985702
690354,327005702
690355,327025702
690356,327045702
690357,327065702
690358,327085702
690359,327105702
690360,327125702
690361,327145702
690362,327165702
690363,326365704
690364,326385704
690365,326405704
690366,326425704
690367,326445704
690368,326465704
690369,326485704
690370,326505704
690371,326525704
690372,326545704
690373,326565704
690374,326585704
690375,326605704
690376,326625704
690377,326645704
690378,326665704
690379,326685704
690380,326705704
690381,326725704
690382,326745704
690383,326765704
690384,326785704
690385,326805704
690386,326825704
690387,326845704
690388,326865704
690389,326885704
690390,326905704
690391,326925704
690392,326945704
690393,326965704
690394,326985704
690395,327005704
690396,327025704
690397,327045704
690398,327065704
690399,327085704
690400,327105704
690401,327125704
690402,327145704
690403,327165704
690404,327185704
690405,326345706
690406,326365706
690407,326385706
690408,326405706
690409,326425706
690410,326445706
690411,326465706
690412,326485706
690413,326505706
690414,326525706
690415,326545706
690416,326565706
690417,326585706
690418,326605706
690419,326625706
690420,326645706
690421,326665706
690422,326685706
690423,326705706
690424,326725706
690425,326745706
690426,326765706
690427,326785706
690428,326825706
690429,326845706
690430,326865706
690431,326885706
690432,326905706
690433,326925706
690434,326945706
690435,326965706
690436,326985706
690437,327005706
690438,327025706
690439,327045706
690440,327065706
690441,327085706
690442,327105706
690443,327125706
690444,327145706
690445,327165706
690446,327185706
690447,326345708
690448,326365708
690449,326385708
690450,326405708
690451,326445708
690452,326485708
690453,326505708
690454,326525708
690455,326545708
690456,326565708
690457,326585708
690458,326605708
690459,326625708
690460,326645708
690461,326665708
690462,326685708
690463,326705708
690464,326725708
690465,326745708
690466,326765708
690467,326785708
690468,326805708
690469,326825708
690470,326845708
690471,326865708
690472,326885708
690473,326905708
690474,326925708
690475,326945708
690476,326965708
690477,326985708
690478,327005708
690479,327025708
690480,327045708
690481,327065708
690482,327085708
690483,327105708
690484,327125708
690485,327145708
690486,327165708
690487,327185708
690488,327205708
690489,327225708
690490,326345710
690491,326365710
690492,326385710
690493,326405710
690494,326425710
690495,326445710
690496,326465710
690497,326485710
690498,326505710
690499,326565710
690500,326585710
690501,326605710
690502,326625710
690503,326665710
690504,326685710
690505,326705710
690506,326725710
690507,326745710
690508,326765710
690509,326785710
690510,326805710
690511,326825710
690512,326865710
690513,326885710
690514,326905710
690515,326925710
690516,326945710
690517,326965710
690518,326985710
690519,327005710
690520,327025710
690521,327045710
690522,327065710
690523,327085710
690524,327105710
690525,327125710
690526,327145710
690527,327165710
690528,327185710
690529,327205710
690530,326325712
690531,326345712
690532,326365712
690533,326385712
690534,326405712
690535,326425712
690536,326445712
690537,326465712
690538,326485712
690539,326505712
690540,326525712
690541,326585712
690542,326605712
690543,326625712
690544,326645712
690545,326665712
690546,326685712
690547,326705712
690548,326725712
690549,326745712
690550,326765712
690551,326785712
690552,326805712
690553,326825712
690554,326845712
690555,326865712
690556,326885712
690557,326905712
690558,326925712
690559,326945712
690560,326965712
690561,326985712
690562,327005712
690563,327025712
690564,327045712
690565,327065712
690566,327085712
690567,327105712
690568,327125712
690569,327145712
690570,327165712
690571,327185712
690572,327205712
690573,326325714
690574,326345714
690575,326365714
690576,326385714
690577,326405714
690578,326425714
690579,326445714
690580,326465714
690581,326485714
690582,326525714
690583,326545714
690584,326565714
690585,326585714
690586,326605714
690587,326625714
690588,326645714
690589,326665714
690590,326685714
690591,326705714
690592,326725714
690593,326745714
690594,326765714
690595,326785714
690596,326825714
690597,326845714
690598,326865714
690599,326885714
690600,326925714
690601,326945714
690602,326965714
690603,326985714
690604,327005714
690605,327025714
690606,327045714
690607,327065714
690608,327085714
690609,327105714
690610,327125714
690611,327145714
690612,327165714
690613,327185714
690614,327205714
690615,327225714
690616,326325716
690617,326345716
690618,326365716
690619,326385716
690620,326425716
690621,326465716
690622,326485716
690623,326505716
690624,326545716
690625,326565716
690626,326585716
690627,326605716
690628,326625716
690629,326645716
690630,326665716
690631,326685716
690632,326705716
690633,326725716
690634,326745716
690635,326765716
690636,326785716
690637,326805716
690638,326825716
690639,326845716
690640,326885716
690641,326905716
690642,326925716
690643,326945716
690644,326965716
690645,326985716
690646,327005716
690647,327025716
690648,327045716
690649,327065716
690650,327085716
690651,327105716
690652,327125716
690653,327145716
690654,327165716
690655,327185716
690656,327205716
690657,327225716
690658,327245716
690659,327265716
690660,326325718
690661,326345718
690662,326385718
690663,326405718
690664,326425718
690665,326445718
690666,326465718
690667,326485718
690668,326505718
690669,326525718
690670,326545718
690671,326565718
690672,326585718
690673,326605718
690674,326625718
690675,326645718
690676,326665718
690677,326685718
690678,326705718
690679,326725718
690680,326745718
690681,326765718
690682,326785718
690683,326805718
690684,326825718
690685,326845718
690686,326865718
690687,326885718
690688,326905718
690689,326925718
690690,326945718
690691,326965718
690692,326985718
690693,327005718
690694,327025718
690695,327045718
690696,327065718
690697,327085718
690698,327125718
690699,327165718
690700,327245718
690701,327265718
690702,327285718
690703,326265720
690704,326325720
690705,326345720
690706,326365720
690707,326385720
690708,326405720
690709,326425720
690710,326445720
690711,326465720
690712,326485720
690713,326525720
690714,326545720
690715,326565720
690716,326585720
690717,326625720
690718,326645720
690719,326665720
690720,326685720
690721,326705720
690722,326725720
690723,326745720
690724,326765720
690725,326785720
690726,326805720
690727,326825720
690728,326845720
690729,326865720
690730,326885720
690731,326905720
690732,326925720
690733,326945720
690734,326965720
690735,326985720
690736,327005720
690737,327025720
690738,327045720
690739,327065720
690740,327105720
690741,327125720
690742,327145720
690743,327165720
690744,327185720
690745,327205720
690746,327225720
690747,327245720
690748,327265720
690749,327285720
690750,326185722
690751,326205722
690752,326285722
690753,326305722
690754,326325722
690755,326345722
690756,326365722
690757,326405722
690758,326425722
690759,326445722
690760,326465722
690761,326485722
690762,326545722
690763,326565722
690764,326585722
690765,326625722
690766,326645722
690767,326665722
690768,326685722
690769,326705722
690770,326725722
690771,326745722
690772,326765722
690773,326805722
690774,326825722
690775,326845722
690776,326865722
690777,326885722
690778,326905722
690779,326925722
690780,326945722
690781,326965722
690782,326985722
690783,327005722
690784,327025722
690785,327045722
690786,327065722
690787,327085722
690788,327105722
690789,327125722
690790,327145722
690791,327165722
690792,327185722
690793,327205722
690794,327225722
690795,327245722
690796,327265722
690797,327285722
690798,327305722
690799,327365722
690800,327405722
690801,327425722
690802,327445722
690803,327465722
690804,326165724
690805,326185724
690806,326205724
690807,326245724
690808,326265724
690809,326285724
690810,326305724
690811,326365724
690812,326385724
690813,326405724
690814,326425724
690815,326465724
690816,326485724
690817,326525724
690818,326545724
690819,326565724
690820,326585724
690821,326605724
690822,326625724
690823,326645724
690824,326665724
690825,326685724
690826,326705724
690827,326725724
690828,326745724
690829,326765724
690830,326785724
690831,326805724
690832,326825724
690833,326845724
690834,326885724
690835,326905724
690836,326925724
690837,326945724
690838,326965724
690839,326985724
690840,327005724
690841,327025724
690842,327045724
690843,327065724
690844,327085724
690845,327105724
690846,327125724
690847,327145724
690848,327165724
690849,327205724
690850,327225724
690851,327245724
690852,327265724
690853,327285724
690854,327305724
690855,327325724
690856,327345724
690857,327365724
690858,327405724
690859,327425724
690860,327445724
690861,327465724
690862,327485724
690863,327505724
690864,327525724
690865,326145726
690866,326165726
690867,326185726
690868,326205726
690869,326225726
690870,326245726
690871,326265726
690872,326285726
690873,326305726
690874,326345726
690875,326365726
690876,326385726
690877,326405726
690878,326425726
690879,326465726
690880,326485726
690881,326505726
690882,326565726
690883,326585726
690884,326605726
690885,326625726
690886,326645726
690887,326665726
690888,326705726
690889,326725726
690890,326745726
690891,326765726
690892,326785726
690893,326805726
690894,326825726
690895,326865726
690896,326885726
690897,326905726
690898,326925726
690899,326945726
690900,326965726
690901,326985726
690902,327005726
690903,327025726
690904,327045726
690905,327065726
690906,327085726
690907,327105726
690908,327125726
690909,327145726
690910,327165726
690911,327185726
690912,327205726
690913,327225726
690914,327245726
690915,327265726
690916,327285726
690917,327305726
690918,327325726
690919,327345726
690920,327365726
690921,327385726
690922,327405726
690923,327445726
690924,327465726
690925,327485726
690926,327505726
690927,327525726
690928,326165728
690929,326185728
690930,326225728
690931,326265728
690932,326285728
690933,326345728
690934,326385728
690935,326405728
690936,326425728
690937,326445728
690938,326465728
690939,326485728
690940,326505728
690941,326565728
690942,326585728
690943,326605728
690944,326625728
690945,326645728
690946,326665728
690947,326685728
690948,326705728
690949,326725728
690950,326765728
690951,326785728
690952,326805728
690953,326825728
690954,326845728
690955,326865728
690956,326885728
690957,326905728
690958,326925728
690959,326945728
690960,326965728
690961,326985728
690962,327005728
690963,327025728
690964,327045728
690965,327065728
690966,327085728
690967,327105728
690968,327125728
690969,327165728
690970,327185728
690971,327205728
690972,327225728
690973,327245728
690974,327265728
690975,327285728
690976,327305728
690977,327325728
690978,327345728
690979,327365728
690980,327385728
690981,327405728
690982,327485728
690983,327525728
690984,327545728
690985,327565728
690986,327585728
690987,327705728
690988,327725728
690989,326165730
690990,326185730
690991,326205730
690992,326225730
690993,326285730
690994,326305730
690995,326325730
690996,326345730
690997,326365730
690998,326385730
690999,326405730
691000,326425730
691001,326445730
691002,326465730
691003,326485730
691004,326505730
691005,326545730
691006,326585730
691007,326605730
691008,326625730
691009,326645730
691010,326665730
691011,326685730
691012,326705730
691013,326745730
691014,326765730
691015,326785730
691016,326805730
691017,326825730
691018,326845730
691019,326865730
691020,326885730
691021,326905730
691022,326925730
691023,326945730
691024,326965730
691025,326985730
691026,327005730
691027,327025730
691028,327045730
691029,327065730
691030,327085730
691031,327105730
691032,327125730
691033,327145730
691034,327165730
691035,327185730
691036,327205730
691037,327225730
691038,327245730
691039,327265730
691040,327285730
691041,327305730
691042,327345730
691043,327365730
691044,327385730
691045,327405730
691046,327425730
691047,327445730
691048,327485730
691049,327505730
691050,327545730
691051,327565730
691052,327585730
691053,327605730
691054,327665730
691055,327685730
691056,327705730
691057,327725730
691058,327745730
691059,327765730
691060,326165732
691061,326185732
691062,326205732
691063,326225732
691064,326245732
691065,326305732
691066,326325732
691067,326345732
691068,326385732
691069,326405732
691070,326425732
691071,326445732
691072,326465732
691073,326525732
691074,326545732
691075,326565732
691076,326585732
691077,326605732
691078,326625732
691079,326645732
691080,326665732
691081,326685732
691082,326705732
691083,326725732
691084,326745732
691085,326785732
691086,326805732
691087,326825732
691088,326845732
691089,326865732
691090,326885732
691091,326905732
691092,326925732
691093,326945732
691094,326965732
691095,326985732
691096,327005732
691097,327025732
691098,327045732
691099,327065732
691100,327085732
691101,327105732
691102,327125732
691103,327145732
691104,327165732
691105,327185732
691106,327205732
691107,327225732
691108,327245732
691109,327265732
691110,327285732
691111,327325732
691112,327345732
691113,327365732
691114,327385732
691115,327405732
691116,327425732
691117,327445732
691118,327485732
691119,327505732
691120,327525732
691121,327545732
691122,327565732
691123,327585732
691124,327605732
691125,327625732
691126,327645732
691127,327665732
691128,327705732
691129,327725732
691130,327745732
691131,327765732
691132,327845732
691133,326125734
691134,326145734
691135,326165734
691136,326185734
691137,326205734
691138,326225734
691139,326245734
691140,326265734
691141,326285734
691142,326305734
691143,326325734
691144,326345734
691145,326385734
691146,326405734
691147,326425734
691148,326445734
691149,326525734
691150,326545734
691151,326565734
691152,326585734
691153,326605734
691154,326625734
691155,326645734
691156,326665734
691157,326685734
691158,326705734
691159,326725734
691160,326745734
691161,326765734
691162,326785734
691163,326825734
691164,326845734
691165,326865734
691166,326885734
691167,326905734
691168,326925734
691169,326945734
691170,326965734
691171,326985734
691172,327005734
691173,327025734
691174,327045734
691175,327065734
691176,327085734
691177,327105734
691178,327125734
691179,327145734
691180,327165734
691181,327185734
691182,327205734
691183,327225734
691184,327245734
691185,327265734
691186,327285734
691187,327305734
691188,327325734
691189,327345734
691190,327365734
691191,327385734
691192,327405734
691193,327465734
691194,327485734
691195,327505734
691196,327525734
691197,327545734
691198,327565734
691199,327585734
691200,327605734
691201,327625734
691202,327645734
691203,327665734
691204,327685734
691205,327705734
691206,327725734
691207,327745734
691208,327765734
691209,327825734
691210,326125736
691211,326145736
691212,326165736
691213,326185736
691214,326205736
691215,326225736
691216,326245736
691217,326265736
691218,326285736
691219,326305736
691220,326345736
691221,326365736
691222,326385736
691223,326405736
691224,326425736
691225,326445736
691226,326525736
691227,326545736
691228,326605736
691229,326625736
691230,326645736
691231,326665736
691232,326685736
691233,326705736
691234,326725736
691235,326745736
691236,326765736
691237,326825736
691238,326845736
691239,326865736
691240,326885736
691241,326905736
691242,326925736
691243,326945736
691244,326965736
691245,326985736
691246,327005736
691247,327025736
691248,327045736
691249,327065736
691250,327085736
691251,327105736
691252,327125736
691253,327145736
691254,327165736
691255,327185736
691256,327205736
691257,327225736
691258,327245736
691259,327265736
691260,327285736
691261,327305736
691262,327325736
691263,327345736
691264,327365736
691265,327385736
691266,327405736
691267,327425736
691268,327465736
691269,327485736
691270,327505736
691271,327525736
691272,327545736
691273,327565736
691274,327585736
691275,327605736
691276,327625736
691277,327645736
691278,327665736
691279,327685736
691280,327705736
691281,327725736
691282,327765736
691283,327785736
691284,327825736
691285,326105738
691286,326125738
691287,326165738
691288,326185738
691289,326225738
691290,326245738
691291,326265738
691292,326285738
691293,326305738
691294,326325738
691295,326345738
691296,326365738
691297,326385738
691298,326405738
691299,326425738
691300,326445738
691301,326465738
691302,326485738
691303,326525738
691304,326545738
691305,326565738
691306,326585738
691307,326605738
691308,326625738
691309,326665738
691310,326685738
691311,326705738
691312,326725738
691313,326765738
691314,326785738
691315,326805738
691316,326825738
691317,326845738
691318,326865738
691319,326885738
691320,326905738
691321,326925738
691322,326945738
691323,326965738
691324,326985738
691325,327005738
691326,327025738
691327,327045738
691328,327065738
691329,327085738
691330,327125738
691331,327145738
691332,327165738
691333,327185738
691334,327245738
691335,327265738
691336,327285738
691337,327345738
691338,327365738
691339,327385738
691340,327405738
691341,327425738
691342,327445738
691343,327465738
691344,327485738
691345,327505738
691346,327525738
691347,327545738
691348,327565738
691349,327585738
691350,327605738
691351,327625738
691352,327645738
691353,327665738
691354,327685738
691355,327705738
691356,327725738
691357,327745738
691358,327765738
691359,327785738
691360,327805738
691361,326105740
691362,326145740
691363,326165740
691364,326185740
691365,326205740
691366,326225740
691367,326245740
691368,326265740
691369,326305740
691370,326325740
691371,326345740
691372,326365740
691373,326385740
691374,326405740
691375,326425740
691376,326445740
691377,326465740
691378,326485740
691379,326525740
691380,326565740
691381,326585740
691382,326605740
691383,326625740
691384,326645740
691385,326665740
691386,326685740
691387,326745740
691388,326765740
691389,326785740
691390,326805740
691391,326825740
691392,326845740
691393,326865740
691394,326885740
691395,326905740
691396,326925740
691397,326945740
691398,326965740
691399,326985740
691400,327005740
691401,327025740
691402,327045740
691403,327065740
691404,327085740
691405,327105740
691406,327125740
691407,327145740
691408,327165740
691409,327185740
691410,327205740
691411,327225740
691412,327245740
691413,327265740
691414,327285740
691415,327345740
691416,327385740
691417,327405740
691418,327425740
691419,327445740
691420,327465740
691421,327485740
691422,327505740
691423,327525740
691424,327545740
691425,327565740
691426,327585740
691427,327605740
691428,327625740
691429,327645740
691430,327665740
691431,327685740
691432,327705740
691433,327725740
691434,327745740
691435,327765740
691436,327785740
691437,327805740
691438,327825740
691439,327845740
691440,327865740
691441,326145742
691442,326165742
691443,326185742
691444,326205742
691445,326225742
691446,326245742
691447,326265742
691448,326285742
691449,326305742
691450,326325742
691451,326345742
691452,326365742
691453,326385742
691454,326405742
691455,326425742
691456,326445742
691457,326465742
691458,326485742
691459,326505742
691460,326525742
691461,326565742
691462,326585742
691463,326605742
691464,326645742
691465,326665742
691466,326685742
691467,326765742
691468,326785742
691469,326805742
691470,326825742
691471,326845742
691472,326865742
691473,326885742
691474,326905742
691475,326925742
691476,326945742
691477,326965742
691478,326985742
691479,327005742
691480,327025742
691481,327045742
691482,327065742
691483,327085742
691484,327105742
691485,327125742
691486,327145742
691487,327165742
691488,327185742
691489,327205742
691490,327225742
691491,327245742
691492,327265742
691493,327285742
691494,327305742
691495,327325742
691496,327345742
691497,327365742
691498,327385742
691499,327405742
691500,327425742
691501,327445742
691502,327465742
691503,327485742
691504,327505742
691505,327525742
691506,327545742
691507,327565742
691508,327585742
691509,327605742
691510,327625742
691511,327645742
691512,327665742
691513,327685742
691514,327705742
691515,327725742
691516,327745742
691517,327765742
691518,327785742
691519,327805742
691520,327825742
691521,327845742
691522,326145744
691523,326165744
691524,326185744
691525,326205744
691526,326225744
691527,326245744
691528,326265744
691529,326285744
691530,326305744
691531,326345744
691532,326365744
691533,326385744
691534,326405744
691535,326445744
691536,326465744
691537,326505744
691538,326525744
691539,326545744
691540,326565744
691541,326585744
691542,326605744
691543,326625744
691544,326645744
691545,326665744
691546,326685744
691547,326745744
691548,326765744
691549,326785744
691550,326805744
691551,326845744
691552,326865744
691553,326885744
691554,326905744
691555,326925744
691556,326945744
691557,326965744
691558,326985744
691559,327005744
691560,327025744
691561,327045744
691562,327065744
691563,327085744
691564,327105744
691565,327125744
691566,327145744
691567,327165744
691568,327185744
691569,327205744
691570,327225744
691571,327245744
691572,327265744
691573,327285744
691574,327305744
691575,327325744
691576,327345744
691577,327365744
691578,327405744
691579,327425744
691580,327445744
691581,327465744
691582,327485744
691583,327505744
691584,327525744
691585,327545744
691586,327565744
691587,327585744
691588,327605744
691589,327625744
691590,327645744
691591,327665744
691592,327705744
691593,327725744
691594,327745744
691595,327765744
691596,327785744
691597,327805744
691598,327825744
691599,327845744
691600,327865744
691601,326145746
691602,326165746
691603,326185746
691604,326205746
691605,326225746
691606,326245746
691607,326265746
691608,326285746
691609,326305746
691610,326325746
691611,326345746
691612,326365746
691613,326385746
691614,326405746
691615,326425746
691616,326445746
691617,326545746
691618,326565746
691619,326625746
691620,326645746
691621,326705746
691622,326725746
691623,326745746
691624,326765746
691625,326785746
691626,326805746
691627,326825746
691628,326845746
691629,326865746
691630,326885746
691631,326905746
691632,326925746
691633,326945746
691634,326965746
691635,326985746
691636,327045746
691637,327065746
691638,327085746
691639,327105746
691640,327125746
691641,327185746
691642,327205746
691643,327225746
691644,327245746
691645,327265746
691646,327285746
691647,327305746
691648,327345746
691649,327365746
691650,327385746
691651,327405746
691652,327425746
691653,327445746
691654,327465746
691655,327485746
691656,327505746
691657,327525746
691658,327545746
691659,327565746
691660,327585746
691661,327605746
691662,327625746
691663,327645746
691664,327665746
691665,327685746
691666,327705746
691667,327725746
691668,327745746
691669,327765746
691670,327785746
691671,327805746
691672,327825746
691673,327845746
691674,326145748
691675,326165748
691676,326185748
691677,326205748
691678,326245748
691679,326265748
691680,326285748
691681,326305748
691682,326325748
691683,326345748
691684,326365748
691685,326445748
691686,326465748
691687,326485748
691688,326505748
691689,326525748
691690,326545748
691691,326605748
691692,326645748
691693,326665748
691694,326685748
691695,326725748
691696,326745748
691697,326765748
691698,326785748
691699,326805748
691700,326825748
691701,326845748
691702,326865748
691703,326885748
691704,326905748
691705,326945748
691706,326965748
691707,327005748
691708,327025748
691709,327045748
691710,327065748
691711,327085748
691712,327105748
691713,327125748
691714,327165748
691715,327185748
691716,327205748
691717,327225748
691718,327245748
691719,327265748
691720,327285748
691721,327305748
691722,327325748
691723,327345748
691724,327365748
691725,327385748
691726,327405748
691727,327425748
691728,327445748
691729,327465748
691730,327485748
691731,327505748
691732,327525748
691733,327545748
691734,327565748
691735,327585748
691736,327605748
691737,327625748
691738,327645748
691739,327665748
691740,327685748
691741,327705748
691742,327725748
691743,327765748
691744,327785748
691745,327805748
691746,327825748
691747,327845748
691748,327865748
691749,326125750
691750,326145750
691751,326165750
691752,326185750
691753,326205750
691754,326245750
691755,326265750
691756,326345750
691757,326365750
691758,326405750
691759,326425750
691760,326445750
691761,326485750
691762,326505750
691763,326525750
691764,326565750
691765,326585750
691766,326645750
691767,326665750
691768,326685750
691769,326705750
691770,326725750
691771,326745750
691772,326765750
691773,326785750
691774,326805750
691775,326905750
691776,326925750
691777,326945750
691778,326965750
691779,326985750
691780,327005750
691781,327025750
691782,327045750
691783,327065750
691784,327105750
691785,327125750
691786,327145750
691787,327165750
691788,327205750
691789,327225750
691790,327245750
691791,327265750
691792,327285750
691793,327305750
691794,327325750
691795,327345750
691796,327385750
691797,327425750
691798,327445750
691799,327465750
691800,327485750
691801,327505750
691802,327525750
691803,327545750
691804,327565750
691805,327585750
691806,327605750
691807,327625750
691808,327645750
691809,327665750
691810,327685750
691811,327705750
691812,327745750
691813,327765750
691814,327805750
691815,327825750
691816,327845750
691817,326105752
691818,326125752
691819,326145752
691820,326185752
691821,326205752
691822,326225752
691823,326245752
691824,326265752
691825,326285752
691826,326305752
691827,326325752
691828,326345752
691829,326405752
691830,326425752
691831,326445752
691832,326465752
691833,326485752
691834,326505752
691835,326545752
691836,326585752
691837,326605752
691838,326665752
691839,326685752
691840,326705752
691841,326725752
691842,326745752
691843,326765752
691844,326785752
691845,326805752
691846,326825752
691847,326845752
691848,326865752
691849,326885752
691850,326905752
691851,326925752
691852,326945752
691853,326965752
691854,326985752
691855,327025752
691856,327065752
691857,327085752
691858,327105752
691859,327125752
691860,327145752
691861,327165752
691862,327185752
691863,327205752
691864,327225752
691865,327245752
691866,327265752
691867,327285752
691868,327305752
691869,327325752
691870,327345752
691871,327365752
691872,327385752
691873,327405752
691874,327425752
691875,327445752
691876,327465752
691877,327485752
691878,327505752
691879,327525752
691880,327545752
691881,327565752
691882,327585752
691883,327605752
691884,327625752
691885,327645752
691886,327665752
691887,327685752
691888,327705752
691889,327765752
691890,327785752
691891,327805752
691892,327825752
691893,326105754
691894,326125754
691895,326145754
691896,326165754
691897,326185754
691898,326205754
691899,326245754
691900,326265754
691901,326305754
691902,326325754
691903,326345754
691904,326365754
691905,326385754
691906,326405754
691907,326425754
691908,326445754
691909,326465754
691910,326505754
691911,326525754
691912,326545754
691913,326565754
691914,326585754
691915,326625754
691916,326645754
691917,326685754
691918,326705754
691919,326725754
691920,326745754
691921,326765754
691922,326785754
691923,326805754
691924,326825754
691925,326845754
691926,326865754
691927,326885754
691928,326905754
691929,326925754
691930,326945754
691931,326965754
691932,326985754
691933,327005754
691934,327025754
691935,327145754
691936,327165754
691937,327185754
691938,327205754
691939,327225754
691940,327245754
691941,327265754
691942,327285754
691943,327305754
691944,327325754
691945,327345754
691946,327365754
691947,327385754
691948,327405754
691949,327425754
691950,327445754
691951,327465754
691952,327485754
691953,327505754
691954,327525754
691955,327545754
691956,327565754
691957,327585754
691958,327605754
691959,327625754
691960,327645754
691961,327665754
691962,327685754
691963,327705754
691964,327765754
691965,326145756
691966,326165756
691967,326185756
691968,326205756
691969,326245756
691970,326265756
691971,326285756
691972,326305756
691973,326325756
691974,326345756
691975,326365756
691976,326485756
691977,326505756
691978,326525756
691979,326545756
691980,326585756
691981,326605756
691982,326645756
691983,326665756
691984,326685756
691985,326705756
691986,326725756
691987,326745756
691988,326825756
691989,326865756
691990,326885756
691991,326905756
691992,326925756
691993,326945756
691994,326965756
691995,326985756
691996,327025756
691997,327085756
691998,327105756
691999,327125756
692000,327145756
692001,327165756
692002,327185756
692003,327205756
692004,327225756
692005,327245756
692006,327265756
692007,327285756
692008,327305756
692009,327325756
692010,327345756
692011,327365756
692012,327385756
692013,327405756
692014,327425756
692015,327465756
692016,327485756
692017,327505756
692018,327525756
692019,327545756
692020,327565756
692021,327585756
692022,327605756
692023,327625756
692024,327645756
692025,327665756
692026,327685756
692027,327705756
692028,327765756
692029,326085758
692030,326105758
692031,326125758
692032,326145758
692033,326165758
692034,326185758
692035,326205758
692036,326225758
692037,326245758
692038,326265758
692039,326305758
692040,326325758
692041,326345758
692042,326365758
692043,326385758
692044,326405758
692045,326425758
692046,326445758
692047,326465758
692048,326485758
692049,326565758
692050,326585758
692051,326645758
692052,326665758
692053,326685758
692054,326705758
692055,326745758
692056,326765758
692057,326805758
692058,326825758
692059,326845758
692060,326865758
692061,326885758
692062,326905758
692063,326925758
692064,326945758
692065,326965758
692066,327005758
692067,327025758
692068,327045758
692069,327065758
692070,327105758
692071,327125758
692072,327145758
692073,327185758
692074,327205758
692075,327225758
692076,327245758
692077,327285758
692078,327325758
692079,327345758
692080,327385758
692081,327405758
692082,327425758
692083,327445758
692084,327465758
692085,327485758
692086,327505758
692087,327525758
692088,327545758
692089,327565758
692090,327585758
692091,327605758
692092,327625758
692093,327665758
692094,327685758
692095,327705758
692096,327725758
692097,326085760
692098,326105760
692099,326125760
692100,326145760
692101,326165760
692102,326185760
692103,326205760
692104,326225760
692105,326245760
692106,326265760
692107,326285760
692108,326305760
692109,326325760
692110,326345760
692111,326365760
692112,326385760
692113,326405760
692114,326425760
692115,326445760
692116,326465760
692117,326485760
692118,326505760
692119,326525760
692120,326545760
692121,326565760
692122,326585760
692123,326605760
692124,326625760
692125,326645760
692126,326665760
692127,326685760
692128,326805760
692129,326825760
692130,326845760
692131,326865760
692132,326905760
692133,326925760
692134,326945760
692135,326965760
692136,326985760
692137,327005760
692138,327025760
692139,327045760
692140,327065760
692141,327085760
692142,327105760
692143,327125760
692144,327145760
692145,327165760
692146,327185760
692147,327205760
692148,327225760
692149,327245760
692150,327265760
692151,327285760
692152,327325760
692153,327345760
692154,327385760
692155,327405760
692156,327425760
692157,327445760
692158,327465760
692159,327505760
692160,327545760
692161,327565760
692162,327585760
692163,327605760
692164,327625760
692165,327645760
692166,327665760
692167,327685760
692168,326085762
692169,326105762
692170,326125762
692171,326145762
692172,326165762
692173,326205762
692174,326225762
692175,326265762
692176,326285762
692177,326305762
692178,326325762
692179,326365762
692180,326385762
692181,326405762
692182,326485762
692183,326505762
692184,326545762
692185,326565762
692186,326585762
692187,326605762
692188,326625762
692189,326645762
692190,326685762
692191,326705762
692192,326725762
692193,326745762
692194,326765762
692195,326805762
692196,326825762
692197,326845762
692198,326865762
692199,326885762
692200,326905762
692201,326925762
692202,326945762
692203,326965762
692204,326985762
692205,327005762
692206,327025762
692207,327045762
692208,327065762
692209,327085762
692210,327105762
692211,327125762
692212,327145762
692213,327165762
692214,327185762
692215,327205762
692216,327225762
692217,327245762
692218,327265762
692219,327285762
692220,327305762
692221,327325762
692222,327345762
692223,327385762
692224,327425762
692225,327445762
692226,327465762
692227,327485762
692228,327505762
692229,327525762
692230,327545762
692231,327565762
692232,327585762
692233,327605762
692234,327625762
692235,327645762
692236,326125764
692237,326145764
692238,326185764
692239,326205764
692240,326225764
692241,326245764
692242,326265764
692243,326285764
692244,326305764
692245,326345764
692246,326365764
692247,326385764
692248,326405764
692249,326425764
692250,326445764
692251,326465764
692252,326505764
692253,326525764
692254,326545764
692255,326565764
692256,326585764
692257,326605764
692258,326625764
692259,326645764
692260,326685764
692261,326705764
692262,326725764
692263,326745764
692264,326765764
692265,326785764
692266,326805764
692267,326825764
692268,326845764
692269,326865764
692270,326885764
692271,326905764
692272,326925764
692273,326945764
692274,326965764
692275,327005764
692276,327025764
692277,327045764
692278,327065764
692279,327085764
692280,327105764
692281,327125764
692282,327145764
692283,327165764
692284,327185764
692285,327205764
692286,327225764
692287,327265764
692288,327285764
692289,327305764
692290,327325764
692291,327345764
692292,327385764
692293,327445764
692294,327465764
692295,327505764
692296,327525764
692297,327545764
692298,327565764
692299,327585764
692300,326145766
692301,326165766
692302,326185766
692303,326205766
692304,326285766
692305,326305766
692306,326325766
692307,326345766
692308,326365766
692309,326385766
692310,326425766
692311,326445766
692312,326465766
692313,326485766
692314,326505766
692315,326525766
692316,326545766
692317,326565766
692318,326585766
692319,326605766
692320,326625766
692321,326645766
692322,326665766
692323,326685766
692324,326725766
692325,326745766
692326,326765766
692327,326825766
692328,326845766
692329,326865766
692330,326885766
692331,326905766
692332,326925766
692333,326945766
692334,326965766
692335,326985766
692336,327005766
692337,327025766
692338,327065766
692339,327105766
692340,327125766
692341,327145766
692342,327165766
692343,327185766
692344,327205766
692345,327225766
692346,327245766
692347,327305766
692348,327325766
692349,327345766
692350,327365766
692351,327385766
692352,327525766
692353,327545766
692354,326385768
692355,326425768
692356,326445768
692357,326465768
692358,326485768
692359,326505768
692360,326525768
692361,326545768
692362,326565768
692363,326605768
692364,326665768
692365,326685768
692366,326705768
692367,326725768
692368,326745768
692369,326765768
692370,326785768
692371,326805768
692372,326825768
692373,326845768
692374,326865768
692375,326885768
692376,326905768
692377,326925768
692378,326945768
692379,326965768
692380,326985768
692381,327005768
692382,327065768
692383,327085768
692384,327105768
692385,327125768
692386,327145768
692387,327165768
692388,327205768
692389,327245768
692390,327285768
692391,327305768
692392,327505768
692393,326365770
692394,326385770
692395,326405770
692396,326425770
692397,326445770
692398,326485770
692399,326505770
692400,326525770
692401,326545770
692402,326565770
692403,326585770
692404,326605770
692405,326625770
692406,326665770
692407,326685770
692408,326745770
692409,326765770
692410,326785770
692411,326805770
692412,326825770
692413,326845770
692414,326865770
692415,326885770
692416,326905770
692417,326925770
692418,326945770
692419,326965770
692420,326985770
692421,327005770
692422,327025770
692423,327105770
692424,327125770
692425,327145770
692426,327165770
692427,327225770
692428,327245770
692429,327265770
692430,326345772
692431,326365772
692432,326385772
692433,326405772
692434,326425772
692435,326445772
692436,326465772
692437,326485772
692438,326505772
692439,326545772
692440,326565772
692441,326585772
692442,326605772
692443,326625772
692444,326665772
692445,326685772
692446,326705772
692447,326745772
692448,326765772
692449,326785772
692450,326805772
692451,326825772
692452,326845772
692453,326865772
692454,326885772
692455,326905772
692456,326925772
692457,326945772
692458,326965772
692459,327005772
692460,327025772
692461,327045772
692462,327065772
692463,327085772
692464,327125772
692465,327165772
692466,327205772
692467,327225772
692468,327265772
692469,326365774
692470,326385774
692471,326405774
692472,326425774
692473,326445774
692474,326465774
692475,326485774
692476,326505774
692477,326525774
692478,326545774
692479,326565774
692480,326585774
692481,326605774
692482,326665774
692483,326705774
692484,326725774
692485,326745774
692486,326765774
692487,326785774
692488,326805774
692489,326825774
692490,326845774
692491,326865774
692492,326885774
692493,326905774
692494,326925774
692495,326945774
692496,326985774
692497,327005774
692498,327065774
692499,327085774
692500,327105774
692501,327125774
692502,327145774
692503,327205774
692504,327225774
692505,327265774
692506,326365776
692507,326385776
692508,326405776
692509,326425776
692510,326465776
692511,326485776
692512,326505776
692513,326545776
692514,326565776
692515,326585776
692516,326605776
692517,326625776
692518,326665776
692519,326705776
692520,326745776
692521,326765776
692522,326785776
692523,326805776
692524,326825776
692525,326845776
692526,326865776
692527,326885776
692528,326905776
692529,326925776
692530,326945776
692531,326965776
692532,326985776
692533,327005776
692534,327045776
692535,327065776
692536,327085776
692537,327105776
692538,327125776
692539,327145776
692540,327165776
692541,327185776
692542,326425778
692543,326445778
692544,326465778
692545,326485778
692546,326505778
692547,326525778
692548,326545778
692549,326585778
692550,326605778
692551,326625778
692552,326645778
692553,326665778
692554,326705778
692555,326725778
692556,326745778
692557,326765778
692558,326785778
692559,326805778
692560,326825778
692561,326845778
692562,326865778
692563,326885778
692564,326905778
692565,326925778
692566,326945778
692567,326965778
692568,326985778
692569,327005778
692570,327025778
692571,327045778
692572,327065778
692573,327085778
692574,327105778
692575,327125778
692576,327145778
692577,327185778
692578,326405780
692579,326425780
692580,326445780
692581,326465780
692582,326485780
692583,326505780
692584,326525780
692585,326545780
692586,326565780
692587,326585780
692588,326605780
692589,326625780
692590,326645780
692591,326665780
692592,326685780
692593,326705780
692594,326725780
692595,326745780
692596,326765780
692597,326785780
692598,326805780
692599,326825780
692600,326845780
692601,326865780
692602,326885780
692603,326905780
692604,326925780
692605,326945780
692606,326965780
692607,326985780
692608,327005780
692609,327025780
692610,327045780
692611,327085780
692612,327105780
692613,327145780
692614,327165780
692615,326385782
692616,326405782
692617,326425782
692618,326445782
692619,326465782
692620,326485782
692621,326505782
692622,326545782
692623,326605782
692624,326625782
692625,326645782
692626,326665782
692627,326685782
692628,326705782
692629,326725782
692630,326745782
692631,326765782
692632,326785782
692633,326805782
692634,326825782
692635,326845782
692636,326865782
692637,326885782
692638,326905782
692639,326925782
692640,326945782
692641,326965782
692642,326985782
692643,327005782
692644,327025782
692645,327045782
692646,327105782
692647,327125782
692648,327145782
692649,326385784
692650,326405784
692651,326425784
692652,326445784
692653,326465784
692654,326505784
692655,326525784
692656,326545784
692657,326565784
692658,326585784
692659,326605784
692660,326625784
692661,326645784
692662,326665784
692663,326685784
692664,326705784
692665,326725784
692666,326745784
692667,326765784
692668,326785784
692669,326805784
692670,326825784
692671,326865784
692672,326885784
692673,326905784
692674,326925784
692675,326945784
692676,326985784
692677,327005784
692678,327025784
692679,327045784
692680,327065784
692681,327085784
692682,327105784
692683,327125784
692684,327145784
692685,327165784
692686,326385786
692687,326405786
692688,326425786
692689,326445786
692690,326465786
692691,326485786
692692,326505786
692693,326525786
692694,326545786
692695,326565786
692696,326585786
692697,326605786
692698,326625786
692699,326645786
692700,326665786
692701,326685786
692702,326705786
692703,326725786
692704,326745786
692705,326765786
692706,326785786
692707,326805786
692708,326825786
692709,326865786
692710,326885786
692711,326905786
692712,326925786
692713,326945786
692714,326965786
692715,326985786
692716,327025786
692717,327045786
692718,327065786
692719,327085786
692720,327105786
692721,327145786
692722,327165786
692723,327185786
692724,326425788
692725,326445788
692726,326465788
692727,326485788
692728,326505788
692729,326525788
692730,326545788
692731,326565788
692732,326585788
692733,326645788
692734,326665788
692735,326685788
692736,326705788
692737,326725788
692738,326745788
692739,326765788
692740,326785788
692741,326805788
692742,326825788
692743,326845788
692744,326865788
692745,326885788
692746,326905788
692747,326925788
692748,326945788
692749,326965788
692750,326985788
692751,327025788
692752,327045788
692753,327065788
692754,327125788
692755,327145788
692756,327165788
692757,327185788
692758,327205788
692759,326425790
692760,326445790
692761,326485790
692762,326505790
692763,326525790
692764,326545790
692765,326565790
692766,326585790
692767,326605790
692768,326625790
692769,326645790
692770,326665790
692771,326685790
692772,326705790
692773,326725790
692774,326745790
692775,326765790
692776,326785790
692777,326805790
692778,326825790
692779,326845790
692780,326865790
692781,326885790
692782,326905790
692783,326925790
692784,326945790
692785,326965790
692786,326985790
692787,327005790
692788,327025790
692789,327045790
692790,327065790
692791,327085790
692792,327105790
692793,327125790
692794,327145790
692795,327165790
692796,327185790
692797,327205790
692798,326405792
692799,326425792
692800,326465792
692801,326485792
692802,326505792
692803,326525792
692804,326545792
692805,326585792
692806,326605792
692807,326625792
692808,326645792
692809,326665792
692810,326685792
692811,326705792
692812,326725792
692813,326745792
692814,326765792
692815,326785792
692816,326805792
692817,326865792
692818,326885792
692819,326905792
692820,326925792
692821,326945792
692822,326965792
692823,326985792
692824,327005792
692825,327025792
692826,327045792
692827,327065792
692828,327085792
692829,327145792
692830,327165792
692831,327185792
692832,327205792
692833,327225792
692834,326385794
692835,326405794
692836,326425794
692837,326445794
692838,326465794
692839,326485794
692840,326505794
692841,326525794
692842,326545794
692843,326565794
692844,326585794
692845,326605794
692846,326625794
692847,326645794
692848,326665794
692849,326685794
692850,326705794
692851,326725794
692852,326745794
692853,326765794
692854,326785794
692855,326805794
692856,326825794
692857,326845794
692858,326865794
692859,326885794
692860,326905794
692861,326925794
692862,326945794
692863,326965794
692864,326985794
692865,327005794
692866,327025794
692867,327045794
692868,327065794
692869,327085794
692870,327145794
692871,327165794
692872,327205794
692873,326385796
692874,326405796
692875,326425796
692876,326445796
692877,326465796
692878,326485796
692879,326505796
692880,326565796
692881,326585796
692882,326605796
692883,326625796
692884,326645796
692885,326665796
692886,326685796
692887,326705796
692888,326725796
692889,326745796
692890,326765796
692891,326785796
692892,326805796
692893,326825796
692894,326845796
692895,326865796
692896,326885796
692897,326905796
692898,326925796
692899,326945796
692900,326965796
692901,326985796
692902,327005796
692903,327025796
692904,327045796
692905,327065796
692906,327085796
692907,327145796
692908,327165796
692909,327185796
692910,327205796
692911,326385798
692912,326405798
692913,326425798
692914,326445798
692915,326465798
692916,326505798
692917,326525798
692918,326545798
692919,326565798
692920,326585798
692921,326605798
692922,326625798
692923,326645798
692924,326665798
692925,326745798
692926,326765798
692927,326785798
692928,326805798
692929,326825798
692930,326845798
692931,326865798
692932,326885798
692933,326925798
692934,326945798
692935,326965798
692936,327005798
692937,327045798
692938,327065798
692939,327085798
692940,327105798
692941,327125798
692942,327145798
692943,327165798
692944,327185798
692945,327205798
692946,326365800
692947,326385800
692948,326405800
692949,326425800
692950,326445800
692951,326465800
692952,326505800
692953,326525800
692954,326545800
692955,326585800
692956,326605800
692957,326625800
692958,326665800
692959,326685800
692960,326745800
692961,326765800
692962,326785800
692963,326805800
692964,326825800
692965,326845800
692966,326865800
692967,326885800
692968,326925800
692969,326945800
692970,326965800
692971,326985800
692972,327005800
692973,327025800
692974,327045800
692975,327085800
692976,327105800
692977,327125800
692978,327145800
692979,327165800
692980,327185800
692981,326405802
692982,326425802
692983,326445802
692984,326465802
692985,326485802
692986,326525802
692987,326545802
692988,326565802
692989,326585802
692990,326605802
692991,326625802
692992,326645802
692993,326665802
692994,326685802
692995,326705802
692996,326725802
692997,326805802
692998,326845802
692999,326865802
693000,326885802
693001,326905802
693002,326925802
693003,326945802
693004,326985802
693005,327005802
693006,327025802
693007,327045802
693008,327085802
693009,327105802
693010,327205802
693011,327225802
693012,326405804
693013,326425804
693014,326445804
693015,326465804
693016,326485804
693017,326505804
693018,326525804
693019,326565804
693020,326605804
693021,326625804
693022,326665804
693023,326685804
693024,326705804
693025,326725804
693026,326845804
693027,326865804
693028,326885804
693029,326905804
693030,326925804
693031,326945804
693032,326965804
693033,327005804
693034,327025804
693035,327085804
693036,327105804
693037,327145804
693038,327165804
693039,327205804
693040,327225804
693041,326365806
693042,326385806
693043,326405806
693044,326425806
693045,326445806
693046,326465806
693047,326485806
693048,326505806
693049,326545806
693050,326565806
693051,326585806
693052,326605806
693053,326625806
693054,326725806
693055,326805806
693056,326825806
693057,326845806
693058,326865806
693059,326885806
693060,326905806
693061,326925806
693062,326965806
693063,327005806
693064,327025806
693065,327045806
693066,327065806
693067,327085806
693068,327125806
693069,327145806
693070,327165806
693071,327185806
693072,327205806
693073,327225806
693074,326345808
693075,326365808
693076,326385808
693077,326405808
693078,326425808
693079,326445808
693080,326465808
693081,326485808
693082,326505808
693083,326525808
693084,326545808
693085,326565808
693086,326585808
693087,326605808
693088,326625808
693089,326765808
693090,326785808
693091,326825808
693092,326845808
693093,326865808
693094,326885808
693095,326905808
693096,326945808
693097,326985808
693098,327025808
693099,327045808
693100,327065808
693101,327085808
693102,327105808
693103,327125808
693104,327145808
693105,327165808
693106,327185808
693107,327205808
693108,327225808
693109,326325810
693110,326345810
693111,326365810
693112,326385810
693113,326445810
693114,326465810
693115,326485810
693116,326505810
693117,326525810
693118,326545810
693119,326565810
693120,326585810
693121,326625810
693122,326645810
693123,326665810
693124,326785810
693125,326805810
693126,326825810
693127,326845810
693128,326865810
693129,326925810
693130,326945810
693131,326985810
693132,327005810
693133,327025810
693134,327045810
693135,327065810
693136,327085810
693137,327105810
693138,327125810
693139,327145810
693140,327165810
693141,327185810
693142,327205810
693143,327225810
693144,326325812
693145,326345812
693146,326365812
693147,326385812
693148,326405812
693149,326425812
693150,326445812
693151,326465812
693152,326485812
693153,326505812
693154,326525812
693155,326545812
693156,326565812
693157,326585812
693158,326605812
693159,326625812
693160,326645812
693161,326665812
693162,326685812
693163,326725812
693164,326785812
693165,326865812
693166,326885812
693167,326905812
693168,326925812
693169,326945812
693170,327005812
693171,327025812
693172,327045812
693173,327065812
693174,327085812
693175,327105812
693176,327125812
693177,327145812
693178,327165812
693179,327185812
693180,327205812
693181,327225812
693182,326325814
693183,326365814
693184,326405814
693185,326425814
693186,326445814
693187,326465814
693188,326485814
693189,326505814
693190,326525814
693191,326565814
693192,326585814
693193,326645814
693194,326665814
693195,326685814
693196,326705814
693197,326725814
693198,326765814
693199,326845814
693200,326885814
693201,326905814
693202,327005814
693203,327025814
693204,327045814
693205,327065814
693206,327085814
693207,327105814
693208,327125814
693209,327165814
693210,327185814
693211,327205814
693212,327225814
693213,327245814
693214,326365816
693215,326385816
693216,326405816
693217,326445816
693218,326465816
693219,326485816
693220,326505816
693221,326525816
693222,326565816
693223,326585816
693224,326625816
693225,326645816
693226,326745816
693227,326845816
693228,326865816
693229,326885816
693230,326945816
693231,326965816
693232,326985816
693233,327005816
693234,327025816
693235,327045816
693236,327065816
693237,327085816
693238,327125816
693239,327145816
693240,327165816
693241,327185816
693242,327205816
693243,327225816
693244,326365818
693245,326385818
693246,326405818
693247,326425818
693248,326445818
693249,326465818
693250,326485818
693251,326505818
693252,326525818
693253,326545818
693254,326605818
693255,326625818
693256,326705818
693257,326865818
693258,326885818
693259,326905818
693260,326925818
693261,326985818
693262,327005818
693263,327025818
693264,327045818
693265,327065818
693266,327085818
693267,327105818
693268,327125818
693269,327145818
693270,327165818
693271,327185818
693272,327205818
693273,327225818
693274,327245818
693275,326385820
693276,326405820
693277,326425820
693278,326445820
693279,326465820
693280,326485820
693281,326505820
693282,326545820
693283,326585820
693284,326605820
693285,326625820
693286,326645820
693287,326665820
693288,326685820
693289,326725820
693290,326825820
693291,326845820
693292,326865820
693293,326885820
693294,326905820
693295,326925820
693296,326945820
693297,326965820
693298,326985820
693299,327045820
693300,327065820
693301,327085820
693302,327105820
693303,327125820
693304,327165820
693305,327185820
693306,327205820
693307,327245820
693308,326365822
693309,326425822
693310,326445822
693311,326465822
693312,326485822
693313,326505822
693314,326585822
693315,326605822
693316,326625822
693317,326645822
693318,326665822
693319,326685822
693320,326705822
693321,326725822
693322,326745822
693323,326765822
693324,326785822
693325,326805822
693326,326825822
693327,326845822
693328,326865822
693329,326905822
693330,326925822
693331,326945822
693332,326965822
693333,326985822
693334,327065822
693335,327085822
693336,327105822
693337,327125822
693338,327145822
693339,326305824
693340,326325824
693341,326345824
693342,326365824
693343,326385824
693344,326405824
693345,326445824
693346,326505824
693347,326525824
693348,326585824
693349,326605824
693350,326625824
693351,326645824
693352,326685824
693353,326705824
693354,326745824
693355,326765824
693356,326785824
693357,326805824
693358,326825824
693359,326885824
693360,326905824
693361,326925824
693362,326945824
693363,326965824
693364,326985824
693365,327005824
693366,327025824
693367,327045824
693368,327065824
693369,327105824
693370,327125824
693371,326305826
693372,326325826
693373,326345826
693374,326365826
693375,326385826
693376,326405826
693377,326425826
693378,326445826
693379,326465826
693380,326525826
693381,326565826
693382,326585826
693383,326605826
693384,326625826
693385,326645826
693386,326685826
693387,326725826
693388,326745826
693389,326785826
693390,326805826
693391,326845826
693392,326865826
693393,326885826
693394,326905826
693395,326925826
693396,326945826
693397,326985826
693398,327005826
693399,327025826
693400,327045826
693401,327065826
693402,327085826
693403,327105826
693404,327125826
693405,326325828
693406,326365828
693407,326385828
693408,326405828
693409,326425828
693410,326465828
693411,326485828
693412,326525828
693413,326545828
693414,326585828
693415,326605828
693416,326625828
693417,326645828
693418,326665828
693419,326685828
693420,326705828
693421,326725828
693422,326745828
693423,326765828
693424,326785828
693425,326805828
693426,326825828
693427,326845828
693428,326865828
693429,326885828
693430,326905828
693431,326925828
693432,326945828
693433,326965828
693434,326985828
693435,327005828
693436,327025828
693437,327045828
693438,327065828
693439,327105828
693440,327125828
693441,326305830
693442,326365830
693443,326385830
693444,326445830
693445,326465830
693446,326485830
693447,326505830
693448,326525830
693449,326545830
693450,326565830
693451,326585830
693452,326605830
693453,326625830
693454,326645830
693455,326665830
693456,326705830
693457,326725830
693458,326745830
693459,326765830
693460,326785830
693461,326805830
693462,326845830
693463,326865830
693464,326885830
693465,326905830
693466,326925830
693467,326945830
693468,326965830
693469,326985830
693470,327005830
693471,327025830
693472,327045830
693473,327065830
693474,327105830
693475,327125830
693476,326285832
693477,326385832
693478,326405832
693479,326445832
693480,326465832
693481,326485832
693482,326525832
693483,326585832
693484,326605832
693485,326645832
693486,326665832
693487,326685832
693488,326705832
693489,326725832
693490,326765832
693491,326785832
693492,326825832
693493,326845832
693494,326865832
693495,326885832
693496,326905832
693497,326925832
693498,326945832
693499,326965832
693500,326985832
693501,327005832
693502,327025832
693503,327045832
693504,327065832
693505,327085832
693506,327105832
693507,326265834
693508,326285834
693509,326325834
693510,326345834
693511,326385834
693512,326405834
693513,326425834
693514,326445834
693515,326465834
693516,326485834
693517,326525834
693518,326565834
693519,326585834
693520,326605834
693521,326645834
693522,326665834
693523,326685834
693524,326705834
693525,326725834
693526,326745834
693527,326765834
693528,326785834
693529,326805834
693530,326825834
693531,326865834
693532,326885834
693533,326905834
693534,326925834
693535,326945834
693536,326965834
693537,326985834
693538,327005834
693539,327025834
693540,327045834
693541,327065834
693542,327085834
693543,327105834
693544,326285836
693545,326325836
693546,326345836
693547,326365836
693548,326385836
693549,326405836
693550,326425836
693551,326465836
693552,326485836
693553,326525836
693554,326545836
693555,326565836
693556,326585836
693557,326605836
693558,326625836
693559,326665836
693560,326685836
693561,326705836
693562,326725836
693563,326745836
693564,326765836
693565,326785836
693566,326805836
693567,326825836
693568,326845836
693569,326865836
693570,326885836
693571,326905836
693572,326925836
693573,326945836
693574,326965836
693575,326985836
693576,327005836
693577,327045836
693578,327065836
693579,327085836
693580,327165836
693581,326245838
693582,326265838
693583,326285838
693584,326305838
693585,326325838
693586,326345838
693587,326365838
693588,326385838
693589,326405838
693590,326425838
693591,326445838
693592,326485838
693593,326505838
693594,326525838
693595,326545838
693596,326565838
693597,326585838
693598,326605838
693599,326625838
693600,326645838
693601,326665838
693602,326685838
693603,326705838
693604,326725838
693605,326745838
693606,326765838
693607,326785838
693608,326805838
693609,326845838
693610,326865838
693611,326885838
693612,326905838
693613,326925838
693614,326945838
693615,326965838
693616,326985838
693617,327005838
693618,327025838
693619,327045838
693620,327065838
693621,327085838
693622,327125838
693623,327145838
693624,327165838
693625,327185838
693626,326245840
693627,326285840
693628,326325840
693629,326345840
693630,326365840
693631,326385840
693632,326405840
693633,326425840
693634,326445840
693635,326465840
693636,326485840
693637,326505840
693638,326525840
693639,326545840
693640,326565840
693641,326585840
693642,326625840
693643,326645840
693644,326665840
693645,326685840
693646,326705840
693647,326725840
693648,326745840
693649,326765840
693650,326825840
693651,326845840
693652,326885840
693653,326905840
693654,326925840
693655,326945840
693656,326965840
693657,326985840
693658,327005840
693659,327025840
693660,327045840
693661,327065840
693662,327085840
693663,327125840
693664,327145840
693665,327165840
693666,327185840
693667,326205842
693668,326225842
693669,326245842
693670,326265842
693671,326285842
693672,326305842
693673,326325842
693674,326345842
693675,326365842
693676,326385842
693677,326405842
693678,326425842
693679,326445842
693680,326465842
693681,326485842
693682,326505842
693683,326525842
693684,326545842
693685,326585842
693686,326605842
693687,326625842
693688,326645842
693689,326665842
693690,326685842
693691,326705842
693692,326725842
693693,326745842
693694,326765842
693695,326785842
693696,326805842
693697,326825842
693698,326845842
693699,326865842
693700,326885842
693701,326905842
693702,326945842
693703,326965842
693704,326985842
693705,327005842
693706,327025842
693707,327065842
693708,327085842
693709,327125842
693710,327145842
693711,327165842
693712,326205844
693713,326225844
693714,326245844
693715,326265844
693716,326285844
693717,326305844
693718,326325844
693719,326345844
693720,326365844
693721,326385844
693722,326405844
693723,326425844
693724,326445844
693725,326465844
693726,326485844
693727,326505844
693728,326525844
693729,326565844
693730,326585844
693731,326605844
693732,326625844
693733,326665844
693734,326685844
693735,326705844
693736,326725844
693737,326745844
693738,326765844
693739,326785844
693740,326805844
693741,326825844
693742,326865844
693743,326885844
693744,326925844
693745,326945844
693746,326965844
693747,326985844
693748,327005844
693749,327025844
693750,327045844
693751,327065844
693752,327125844
693753,326205846
693754,326225846
693755,326245846
693756,326265846
693757,326285846
693758,326305846
693759,326325846
693760,326365846
693761,326385846
693762,326405846
693763,326425846
693764,326445846
693765,326465846
693766,326485846
693767,326505846
693768,326525846
693769,326545846
693770,326565846
693771,326585846
693772,326605846
693773,326625846
693774,326645846
693775,326665846
693776,326685846
693777,326705846
693778,326725846
693779,326745846
693780,326765846
693781,326825846
693782,326845846
693783,326865846
693784,326885846
693785,326905846
693786,326925846
693787,326945846
693788,326965846
693789,326985846
693790,327005846
693791,327025846
693792,327045846
693793,327065846
693794,327085846
693795,327105846
693796,327125846
693797,327145846
693798,326205848
693799,326225848
693800,326245848
693801,326285848
693802,326305848
693803,326325848
693804,326345848
693805,326365848
693806,326385848
693807,326405848
693808,326425848
693809,326445848
693810,326465848
693811,326485848
693812,326505848
693813,326525848
693814,326585848
693815,326605848
693816,326625848
693817,326645848
693818,326665848
693819,326685848
693820,326705848
693821,326725848
693822,326745848
693823,326765848
693824,326785848
693825,326805848
693826,326845848
693827,326865848
693828,326885848
693829,326905848
693830,326925848
693831,326945848
693832,326965848
693833,326985848
693834,327005848
693835,327025848
693836,327045848
693837,327065848
693838,327085848
693839,327105848
693840,327145848
693841,327165848
693842,326225850
693843,326245850
693844,326265850
693845,326285850
693846,326305850
693847,326325850
693848,326345850
693849,326365850
693850,326385850
693851,326405850
693852,326425850
693853,326445850
693854,326465850
693855,326485850
693856,326505850
693857,326525850
693858,326545850
693859,326565850
693860,326585850
693861,326605850
693862,326625850
693863,326645850
693864,326665850
693865,326705850
693866,326725850
693867,326745850
693868,326765850
693869,326785850
693870,326805850
693871,326825850
693872,326845850
693873,326865850
693874,326885850
693875,326905850
693876,326925850
693877,326945850
693878,326965850
693879,326985850
693880,327005850
693881,327025850
693882,327045850
693883,327065850
693884,327085850
693885,327105850
693886,327125850
693887,327145850
693888,327165850
693889,326185852
693890,326205852
693891,326225852
693892,326245852
693893,326265852
693894,326285852
693895,326305852
693896,326325852
693897,326345852
693898,326365852
693899,326385852
693900,326405852
693901,326425852
693902,326445852
693903,326465852
693904,326485852
693905,326505852
693906,326525852
693907,326565852
693908,326585852
693909,326605852
693910,326665852
693911,326685852
693912,326705852
693913,326725852
693914,326745852
693915,326765852
693916,326785852
693917,326805852
693918,326825852
693919,326845852
693920,326865852
693921,326885852
693922,326905852
693923,326925852
693924,326945852
693925,326965852
693926,326985852
693927,327005852
693928,327025852
693929,327045852
693930,327065852
693931,327085852
693932,327145852
693933,326185854
693934,326205854
693935,326225854
693936,326245854
693937,326265854
693938,326285854
693939,326305854
693940,326325854
693941,326345854
693942,326365854
693943,326385854
693944,326405854
693945,326425854
693946,326445854
693947,326465854
693948,326485854
693949,326505854
693950,326525854
693951,326545854
693952,326565854
693953,326585854
693954,326605854
693955,326625854
693956,326645854
693957,326665854
693958,326685854
693959,326705854
693960,326725854
693961,326745854
693962,326765854
693963,326805854
693964,326825854
693965,326845854
693966,326865854
693967,326885854
693968,326905854
693969,326925854
693970,326945854
693971,326985854
693972,327005854
693973,327025854
693974,327045854
693975,327065854
693976,327105854
693977,327145854
693978,327165854
693979,326225856
693980,326245856
693981,326265856
693982,326285856
693983,326305856
693984,326325856
693985,326345856
693986,326365856
693987,326385856
693988,326405856
693989,326425856
693990,326445856
693991,326465856
693992,326485856
693993,326505856
693994,326525856
693995,326565856
693996,326585856
693997,326605856
693998,326625856
693999,326665856
694000,326685856
694001,326705856
694002,326725856
694003,326745856
694004,326765856
694005,326785856
694006,326805856
694007,326825856
694008,326845856
694009,326865856
694010,326885856
694011,326905856
694012,326945856
694013,326985856
694014,327005856
694015,327025856
694016,327045856
694017,327065856
694018,327085856
694019,327105856
694020,327145856
694021,327165856
694022,326305858
694023,326325858
694024,326345858
694025,326385858
694026,326405858
694027,326425858
694028,326445858
694029,326465858
694030,326485858
694031,326505858
694032,326525858
694033,326565858
694034,326585858
694035,326605858
694036,326625858
694037,326665858
694038,326685858
694039,326725858
694040,326745858
694041,326765858
694042,326785858
694043,326805858
694044,326825858
694045,326845858
694046,326865858
694047,326885858
694048,326905858
694049,326925858
694050,326945858
694051,326965858
694052,326985858
694053,327005858
694054,327025858
694055,327045858
694056,327065858
694057,327085858
694058,327105858
694059,327125858
694060,327165858
694061,327185858
694062,326345860
694063,326365860
694064,326385860
694065,326405860
694066,326445860
694067,326465860
694068,326485860
694069,326505860
694070,326525860
694071,326565860
694072,326585860
694073,326605860
694074,326625860
694075,326645860
694076,326665860
694077,326685860
694078,326725860
694079,326745860
694080,326765860
694081,326785860
694082,326805860
694083,326825860
694084,326845860
694085,326865860
694086,326885860
694087,326905860
694088,326925860
694089,326945860
694090,326965860
694091,326985860
694092,327005860
694093,327045860
694094,327085860
694095,327105860
694096,327165860
694097,326345862
694098,326365862
694099,326465862
694100,326605862
694101,326645862
694102,326665862
694103,326685862
694104,326705862
694105,326725862
694106,326745862
694107,326765862
694108,326785862
694109,326805862
694110,326825862
694111,326845862
694112,326865862
694113,326885862
694114,326905862
694115,326925862
694116,326945862
694117,326965862
694118,326985862
694119,327005862
694120,327025862
694121,327045862
694122,327065862
694123,326625864
694124,326645864
694125,326665864
694126,326685864
694127,326725864
694128,326765864
694129,326785864
694130,326825864
694131,326845864
694132,326865864
694133,326885864
694134,326905864
694135,326925864
694136,326945864
694137,326665866
694138,326685866
694139,326705866
694140,326725866
694141,326745866
694142,326765866
694143,326785866
694144,326805866
694145,326825866
694146,326845866
694147,326865866
694148,326885866
694149,326685868
694150,326725868
694151,326745868
694152,326765868
694153,326785868
694154,326805868
694155,326825868
694156,326845868
694157,326865868
694158,326885868
694159,326905868
694160,326705870
694161,326725870
694162,326745870
694163,326765870
694164,326785870
694165,326805870
694166,326825870
694167,326845870
694168,326865870
694169,326905870
694170,326705872
694171,326725872
694172,326745872
694173,326765872
694174,326785872
694175,326805872
694176,326825872
694177,326845872
694178,326865872
694179,326705874
694180,326725874
694181,326745874
694182,326765874
694183,326785874
694184,326725876
694185,326745876
694186,326505698
694187,326725698
694188,326425708
694189,326505714
694190,327225738
694191,327865742
694192,326545852
694193,326665700
694194,326665702
694195,326525730
694196,326565730
694197,326485732
694198,326505732
694199,326465734
694200,326485734
694201,326505734
694202,326465736
694203,326485736
694204,326505738
694205,326505740
694206,326105742
694207,326105744
694208,326385748
694209,326405748
694210,326425748
694211,326385750
694212,326385752
694213,326625758
694214,326345828
694215,326925658
694216,327145748
694217,326885702
694218,326905702